{"schemaVersion":"1.0","appDefinitionTemplate":{"id":"/providers/Microsoft.PowerApps/apps/","type":"Microsoft.PowerApps/apps","tags":{"minimumRequiredApiVersion":"2.2.0"},"properties":{"appVersion":"2018-11-17T02:03:37Z","lifeCycleId":"Published","createdByClientVersion":{"major":3,"minor":18111,"build":15,"revision":0,"majorRevision":0,"minorRevision":0},"minClientVersion":{"major":3,"minor":18111,"build":15,"revision":0,"majorRevision":0,"minorRevision":0},"backgroundColor":"rgba(0, 176, 240, 1)","backgroundImageUri":"/4797190147415813035/N411f8d14-add6-4a81-97cf-aa52fd2b3087-logoSmallFile","displayName":"Nexus","description":"","appUris":{"documentUri":{"value":"/4797190147415813035/Nff11dee2-bfbb-43ec-9411-28aeafb33225-document.msapp","readonlyValue":"/4797190147415813035/Nff11dee2-bfbb-43ec-9411-28aeafb33225-document.msapp"},"imageUris":[]},"createdTime":"0001-01-01T00:00:00Z","lastModifiedTime":"0001-01-01T00:00:00Z","sharedGroupsCount":0,"sharedUsersCount":0,"icons":{"smallIconUri":"/4797190147415813035/N93106331-9714-4591-a7cc-54bd38762a4e-small.png","mediumIconUri":"/4797190147415813035/Naf666ed7-88c3-492a-9e6a-3b77a397e210-medium.png","largeIconUri":"/4797190147415813035/N448c95d0-2fbb-4f45-9675-beca16303504-large.png","wideIconUri":"/4797190147415813035/N0cff42b1-8b99-4240-b965-fc34be758bc7-wide.png"},"connectionReferences":{},"almMode":"Environment"}}}