<?xml version="1.0" encoding="UTF-8"?>
<beans xmlns="http://www.springframework.org/schema/beans"
	xmlns:xsi="http://www.w3.org/2001/XMLSchema-instance" xmlns:context="http://www.springframework.org/schema/context"
	xmlns:mvc="http://www.springframework.org/schema/mvc"
	xsi:schemaLocation="http://www.springframework.org/schema/beans
 http://www.springframework.org/schema/beans/spring-beans-2.5.xsd
 http://www.springframework.org/schema/mvc
 http://www.springframework.org/schema/mvc/spring-mvc-3.0.xsd
 http://www.springframework.org/schema/context
 http://www.springframework.org/schema/context/spring-context-3.0.xsd">

	<mvc:resources mapping="/resources/**"
		location="/resources/img,/resources/css,/resources/js,/resources/lib,/resources/html,/resources" />

	<mvc:annotation-driven />

	<bean id="viewResolver" class="org.springframework.web.servlet.view.InternalResourceViewResolver">
		<property name="prefix" value="/resources/html/" />
		<property name="suffix" value=".html" />

	</bean>

	<bean
		class="org.springframework.web.servlet.view.ContentNegotiatingViewResolver">

		<property name="defaultViews">
			<list>
				<!-- esposizione json -->
				<bean
					class="org.springframework.web.servlet.view.json.MappingJackson2JsonView" />

			</list>
		</property>

	</bean>
	<bean id="contentNegotiationManager"  class="org.springframework.web.accept.ContentNegotiationManagerFactoryBean">
		<property name="favorPathExtension" value="true" />
		<property name="ignoreAcceptHeader" value="true"/>
		<property name="useJaf" value="false"/>
		<property name="defaultContentType" value="text/html" />

		<property name="mediaTypes">
			<map>
				<entry key="html" value="text/html"/>
				<entry key="json" value="application/json"/>
			</map>
		</property>
	</bean>
</beans>